Key,Id,English(en),Russian(ru)
"article.1.title",13496213504,"The Science of Laughter","Наука смеха"
"article.1.sentence.1",17094926336,"Laughter is often seen as a universal language, but its underlying science is less understood...","Смех часто воспринимается как универсальный язык, но его научная основа изучена меньше..."
"article.1.sentence.2",19443736576,"Research shows that laughter triggers the release of endorphins, promoting feelings of happiness and reducing stress...","Исследования показывают, что смех вызывает выброс эндорфинов, способствуя ощущению счастья и снижая стресс..."
"article.1.sentence.3",21628968960,"Interestingly, laughter can also enhance social bonding and communication, making it a vital aspect of human interaction...","Интересно, что смех также может усиливать социальные связи и общение, делая его важным аспектом человеческого взаимодействия..."
"article.1.sentence.4",23893893120,"Furthermore, studies suggest that even the anticipation of laughter can boost mood and well-being...","Кроме того, исследования показывают, что даже ожидание смеха может улучшить настроение и самочувствие..."
"article.1.sentence.5",25739386880,"Exploring the neurobiology of laughter could provide insights into mental health therapies.","Изучение нейробиологии смеха может дать понимание для терапии психических заболеваний."
"article.2.title",27836538880,"The Forgotten Art of Stone Balancing","Забытое искусство балансировки камней"
"article.2.sentence.1",29933690880,"Stone balancing is an ancient practice that involves stacking stones in precarious positions without any adhesive...","Балансировка камней — это древняя практика, заключающаяся в укладке камней в неустойчивые положения без использования клея..."
"article.2.sentence.2",41006653440,"This art form not only showcases patience and precision but also embodies principles of physics and gravity...","Эта форма искусства не только демонстрирует терпение и точность, но и воплощает принципы физики и гравитации..."
"article.2.sentence.3",45368729600,"Practitioners often find a meditative quality in the process, promoting mindfulness and focus...","Практикующие часто находят в этом процессе медитативное качество, способствующее осознанности и концентрации..."
"article.2.sentence.4",47214223360,"The ephemeral nature of these sculptures raises questions about permanence and the impermanence of art...","Эфемерная природа этих скульптур поднимает вопросы о постоянстве и непостоянстве искусства..."
"article.2.sentence.5",48053084160,"As a form of expression, stone balancing invites us to rethink our relationship with nature and creativity.","Как форма выражения, балансировка камней приглашает нас переосмыслить наши отношения с природой и творчеством."
"article.3.title",48808058880,"The Role of Fungi in Ecosystems","Роль грибов в экосистемах"
"article.3.sentence.1",49567227904,"Fungi play a crucial yet often overlooked role in maintaining ecological balance...","Грибы играют важную, но часто недооцененную роль в поддержании экологического баланса..."
"article.3.sentence.2",50234122240,"They act as decomposers, breaking down organic matter and recycling nutrients back into the soil...","Они выступают в роли редуцентов, разлагая органические вещества и возвращая питательные элементы в почву..."
"article.3.sentence.3",50821324800,"Mycorrhizal fungi form symbiotic relationships with plants, enhancing their nutrient uptake and resilience...","Микоризные грибы образуют симбиотические отношения с растениями, улучшая их поглощение питательных веществ и устойчивость..."
"article.3.sentence.4",51576299520,"Recent studies suggest that fungi also communicate through a vast underground network, sharing resources and information among plants...","Недавние исследования показывают, что грибы также общаются через обширную подземную сеть, обмениваясь ресурсами и информацией между растениями..."
"article.3.sentence.5",52163502080,"Understanding these interactions could revolutionize our approach to agriculture and conservation.","Понимание этих взаимодействий может революционизировать наш подход к сельскому хозяйству и охране природы."
"article.4.title",52750704640,"The Psychology of Color Perception","Психология восприятия цвета"
"article.4.sentence.1",53421793280,"Color perception is not just about wavelengths of light; it deeply influences human emotions and behavior...","Восприятие цвета — это не только длины световых волн; оно глубоко влияет на человеческие эмоции и поведение..."
"article.4.sentence.2",54008995840,"Different colors can evoke specific feelings—blue often promotes calmness, while red can increase energy levels...","Разные цвета могут вызывать определенные чувства — синий часто способствует спокойствию, а красный может повышать уровень энергии..."
"article.4.sentence.3",54763970560,"Cultural contexts further shape our responses to colors, leading to varied interpretations across societies...","Культурные контексты также формируют наши реакции на цвета, приводя к разнообразным интерпретациям в разных обществах..."
"article.4.sentence.4",55351173120,"This psychological aspect of color is being leveraged in marketing, design, and therapy...","Этот психологический аспект цвета используется в маркетинге, дизайне и терапии..."
"article.4.sentence.5",55938375680,"Investigating how color impacts decision-making can enhance our understanding of consumer behavior.","Исследование того, как цвет влияет на принятие решений, может углубить наше понимание потребительского поведения."
"article.5.title",56609464320,"The Mystery of Bioluminescence","Тайна биолюминесценции"
"article.5.sentence.1",57196666880,"Bioluminescence, the ability of organisms to produce light, captivates scientists and nature enthusiasts alike...","Биолюминесценция — способность организмов производить свет — очаровывает как ученых, так и любителей природы..."
"article.5.sentence.2",57867755520,"Found in species like fireflies and deep-sea creatures, this phenomenon serves various purposes such as attracting mates or deterring predators...","Встречающееся у таких видов, как светлячки и глубоководные существа, это явление служит различным целям, например, привлечению партнеров или отпугиванию хищников..."
"article.5.sentence.3",58454958080,"The biochemical processes behind bioluminescence involve complex reactions between luciferin and luciferase enzymes...","Биохимические процессы, лежащие в основе биолюминесценции, включают сложные реакции между люциферином и ферментами люциферазой..."
"article.5.sentence.4",59042160640,"Researchers are exploring potential applications in medicine, including using bioluminescent markers for imaging techniques...","Исследователи изучают потенциальные применения в медицине, включая использование биолюминесцентных маркеров для методов визуализации..."
"article.5.sentence.5",59717443584,"Understanding this natural light could illuminate new pathways in biological research.","Понимание этого природного света может открыть новые пути в биологических исследованиях."
"article.6.title",60388532224,"The History of Forgotten Languages","История забытых языков"
"article.6.sentence.1",61059620864,"While thousands of languages exist today, many have vanished without a trace throughout history...","Хотя сегодня существуют тысячи языков, многие из них бесследно исчезли на протяжении истории..."
"article.6.sentence.2",64758996992,"These forgotten languages offer insights into ancient cultures and human migration patterns...","Эти забытые языки дают представление о древних культурах и моделях миграции людей..."
"article.6.sentence.3",64779968512,"Linguists study remnants through inscriptions or oral traditions, piecing together lost knowledge...","Лингвисты изучают остатки через надписи или устные традиции, восстанавливая утраченные знания..."
"article.6.sentence.4",64796745728,"The revival efforts for endangered languages highlight the importance of linguistic diversity in cultural identity...","Усилия по возрождению исчезающих языков подчеркивают важность языкового разнообразия для культурной идентичности..."
"article.6.sentence.5",64817717248,"Exploring these languages can deepen our understanding of human history and social evolution.","Изучение этих языков может углубить наше понимание истории человечества и социальной эволюции."
"article.7.title",64830300160,"The Impact of Urban Wildlife","Влияние городской дикой природы"
"article.7.sentence.1",68022165504,"As cities expand, wildlife adapts to urban environments in fascinating ways...","По мере расширения городов дикая природа адаптируется к городской среде удивительными способами..."
"article.7.sentence.2",68693254144,"Species like raccoons, pigeons, and foxes have developed unique behaviors to thrive alongside humans...","Такие виды, как еноты, голуби и лисы, выработали уникальное поведение, чтобы процветать рядом с людьми..."
"article.7.sentence.3",69360148480,"These urban animals contribute to biodiversity but also raise questions about coexistence and conservation strategies...","Эти городские животные вносят вклад в биоразнообразие, но также поднимают вопросы о сосуществовании и стратегиях сохранения..."
"article.7.sentence.4",70031237120,"Understanding their roles in urban ecosystems can inform city planning and environmental policies...","Понимание их роли в городских экосистемах может помочь в городском планировании и экологической политике..."
"article.7.sentence.5",70702325760,"This intersection of wildlife and urban life challenges us to rethink our relationship with nature.","Это пересечение дикой природы и городской жизни побуждает нас переосмыслить наши отношения с природой."
"article.8.title",71461494784,"The Enigma of Sleep Paralysis","Загадка сонного паралича"
"article.8.sentence.1",72132583424,"Sleep paralysis is a phenomenon where individuals are temporarily unable to move or speak while falling asleep or waking up...","Сонный паралич — это явление, при котором человек временно не может двигаться или говорить во время засыпания или пробуждения..."
"article.8.sentence.2",72803672064,"Often accompanied by vivid hallucinations, it has been historically linked to folklore and supernatural beliefs...","Часто сопровождающийся яркими галлюцинациями, он исторически связывался с фольклором и сверхъестественными верованиями..."
"article.8.sentence.3",73390874624,"Scientific explanations suggest that it occurs during transitions between sleep stages, particularly REM sleep...","Научные объяснения предполагают, что это происходит во время переходов между стадиями сна, особенно в фазе быстрого сна..."
"article.8.sentence.4",74061963264,"Understanding sleep paralysis can provide insights into sleep disorders and mental health issues...","Понимание сонного паралича может дать понимание расстройств сна и проблем психического здоровья..."
"article.8.sentence.5",74728857600,"This topic opens discussions about the boundaries between consciousness and the subconscious mind.","Эта тема открывает дискуссии о границах между сознанием и подсознанием."
"article.9.title",75316060160,"The Art of Memory Palaces","Искусство дворцов памяти"
"article.9.sentence.1",75991343104,"The method of loci, or memory palaces, is an ancient mnemonic technique used to enhance memory retention...","Метод локусов, или дворцы памяти, — это древняя мнемоническая техника, используемая для улучшения запоминания..."
"article.9.sentence.2",93099909120,"By associating information with specific locations in a familiar space, individuals can recall complex data more easily...","Связывая информацию с конкретными местами в знакомом пространстве, люди могут легче вспоминать сложные данные..."
"article.9.sentence.3",96627318784,"This technique has roots in classical rhetoric and has been utilized by orators throughout history...","Эта техника уходит корнями в классическую риторику и использовалась ораторами на протяжении всей истории..."
"article.9.sentence.4",101576597504,"Modern cognitive science supports its effectiveness, showing how spatial memory can aid learning processes...","Современная когнитивная наука подтверждает ее эффективность, показывая, как пространственная память может помогать процессам обучения..."
"article.9.sentence.5",103753441280,"Exploring this technique could revolutionize educational approaches in memory training.","Изучение этой техники может революционизировать образовательные подходы в тренировке памяти."
"article.10.title",106190331904,"The Cultural Significance of Tea Ceremonies","Культурное значение чайных церемоний"
"article.10.sentence.1",108706914304,"Tea ceremonies vary widely across cultures, serving as rituals that promote mindfulness and community bonding...","Чайные церемонии сильно различаются в разных культурах, служа ритуалами, способствующими осознанности и сплочению сообщества..."
"article.10.sentence.2",110887952384,"From Japanese chanoyu to Chinese gongfu tea ceremonies, each tradition embodies unique philosophies and aesthetics...","От японского тяною до китайских чайных церемоний гунфу, каждая традиция воплощает уникальные философии и эстетику..."
"article.10.sentence.3",113656193024,"These rituals often emphasize harmony, respect, purity, and tranquility, reflecting deeper cultural values...","Эти ритуалы часто подчеркивают гармонию, уважение, чистоту и спокойствие, отражая более глубокие культурные ценности..."
"article.10.sentence.4",122715889664,"The social aspects of tea drinking foster connections among participants, transcending mere consumption...","Социальные аспекты чаепития способствуют связям между участниками, выходя за рамки простого потребления..."
"article.10.sentence.5",127245737984,"Studying these ceremonies reveals much about cultural identity and social cohesion in a globalized world.","Изучение этих церемоний многое раскрывает о культурной идентичности и социальной сплоченности в глобализированном мире."